"Date ","series ","OPEN ","HIGH ","LOW ","PREV. CLOSE ","ltp ","close ","vwap ","52W H ","52W L ","VOLUME ","VALUE ","No of trades "
"06-Aug-2021","EQ","1,422.00","1,555.00","1,422.00","1,432.35","1,539.00","1,536.65","1,514.25","1,717.20","171.20",14250256,"21,578,454,907.50",244951
"05-Aug-2021","EQ","1,428.00","1,438.00","1,407.40","1,429.55","1,432.95","1,432.35","1,425.52","1,717.20","171.20",2104359,"2,999,813,985.35",37536
"04-Aug-2021","EQ","1,460.00","1,460.00","1,423.05","1,442.80","1,427.40","1,429.55","1,439.53","1,717.20","171.20",3341801,"4,810,614,860.85",60087
"03-Aug-2021","EQ","1,467.00","1,467.00","1,422.20","1,438.20","1,443.00","1,442.80","1,441.99","1,717.20","171.20",4442122,"6,405,516,076.75",85757
"02-Aug-2021","EQ","1,435.00","1,445.00","1,424.10","1,420.25","1,443.15","1,438.20","1,434.26","1,717.20","171.20",2483790,"3,562,409,959.25",46243
"30-Jul-2021","EQ","1,409.50","1,449.50","1,400.25","1,400.25","1,426.05","1,420.25","1,428.40","1,717.20","163.00",4403219,"6,289,562,831.35",68464
"29-Jul-2021","EQ","1,413.95","1,425.00","1,397.00","1,399.90","1,400.00","1,400.25","1,412.71","1,717.20","163.00",2538248,"3,585,799,238.55",38796
"28-Jul-2021","EQ","1,406.85","1,424.80","1,378.60","1,396.75","1,396.05","1,399.90","1,402.87","1,717.20","163.00",3188606,"4,473,189,818.80",67514
"27-Jul-2021","EQ","1,403.90","1,424.60","1,378.15","1,403.90","1,404.00","1,396.75","1,399.99","1,717.20","163.00",2978042,"4,169,237,082.80",54101
"26-Jul-2021","EQ","1,399.80","1,416.80","1,392.00","1,401.65","1,405.55","1,403.90","1,405.65","1,717.20","163.00",2054318,"2,887,657,613.15",46181
"23-Jul-2021","EQ","1,430.00","1,434.85","1,386.20","1,416.75","1,399.95","1,401.65","1,407.89","1,717.20","152.10",4694140,"6,608,839,557.55",98094
"22-Jul-2021","EQ","1,375.00","1,424.90","1,340.50","1,365.70","1,420.30","1,416.75","1,383.54","1,717.20","152.10",5009804,"6,931,275,794.25",100191
"20-Jul-2021","EQ","1,340.00","1,382.90","1,336.10","1,380.60","1,358.20","1,365.70","1,361.89","1,717.20","152.10",4529933,"6,169,259,940.15",92452
"19-Jul-2021","EQ","1,390.00","1,412.65","1,332.75","1,395.50","1,377.95","1,380.60","1,372.94","1,717.20","152.10",6190302,"8,498,908,859.05",120662
"16-Jul-2021","EQ","1,409.00","1,415.00","1,388.25","1,407.95","1,395.10","1,395.50","1,399.16","1,717.20","145.20",2134914,"2,987,081,623.40",40532
"15-Jul-2021","EQ","1,399.00","1,429.00","1,393.40","1,402.05","1,406.00","1,407.95","1,407.55","1,717.20","145.20",2728305,"3,840,219,963.45",56937
"14-Jul-2021","EQ","1,449.00","1,449.00","1,397.80","1,417.70","1,398.80","1,402.05","1,416.75","1,717.20","145.20",3859529,"5,467,975,084.25",73736
"13-Jul-2021","EQ","1,433.00","1,433.00","1,385.20","1,420.70","1,415.70","1,417.70","1,408.28","1,717.20","145.20",4157955,"5,855,550,142.65",80296
"12-Jul-2021","EQ","1,442.00","1,447.00","1,414.15","1,431.35","1,421.00","1,420.70","1,429.72","1,717.20","145.20",2557189,"3,656,052,052.90",48390
"09-Jul-2021","EQ","1,425.90","1,456.60","1,416.45","1,425.90","1,430.35","1,431.35","1,434.29","1,717.20","145.20",4502324,"6,457,648,117.45",86132
"08-Jul-2021","EQ","1,420.00","1,445.00","1,411.80","1,425.65","1,423.00","1,425.90","1,426.98","1,717.20","145.20",3898830,"5,563,537,383.20",76551
"07-Jul-2021","EQ","1,420.00","1,437.10","1,385.00","1,414.80","1,426.70","1,425.65","1,410.15","1,717.20","145.20",5549751,"7,825,997,704.75",111349
"06-Jul-2021","EQ","1,400.90","1,444.15","1,378.75","1,394.35","1,419.00","1,414.80","1,418.36","1,717.20","145.20",9485434,"13,453,746,638.90",192093
"05-Jul-2021","EQ","1,427.00","1,443.95","1,350.60","1,422.05","1,396.00","1,394.35","1,391.20","1,717.20","145.20",12239845,"17,028,064,524.50",260649
"02-Jul-2021","EQ","1,490.25","1,507.70","1,411.55","1,490.25","1,424.00","1,422.05","1,456.48","1,717.20","145.20",6653653,"9,690,939,460.55",134469
"01-Jul-2021","EQ","1,509.55","1,522.55","1,482.90","1,507.55","1,492.00","1,490.25","1,499.94","1,717.20","145.20",3759914,"5,639,649,784.65",75052
"30-Jun-2021","EQ","1,539.00","1,539.00","1,502.70","1,523.55","1,507.00","1,507.55","1,522.90","1,717.20","145.20",3256147,"4,958,790,008.10",62996
"29-Jun-2021","EQ","1,526.00","1,548.70","1,513.00","1,525.75","1,523.60","1,523.55","1,530.52","1,717.20","145.20",5551918,"8,497,303,529.65",97242
"28-Jun-2021","EQ","1,524.90","1,565.00","1,518.20","1,519.45","1,523.30","1,525.75","1,540.10","1,717.20","145.20",6178022,"9,514,758,094.35",140628
"25-Jun-2021","EQ","1,525.00","1,534.00","1,501.00","1,508.50","1,516.00","1,519.45","1,518.09","1,717.20","145.20",4962963,"7,534,202,901.05",94791
"24-Jun-2021","EQ","1,509.95","1,519.00","1,488.05","1,504.75","1,515.35","1,508.50","1,503.94","1,717.20","145.20",7261764,"10,921,278,765.30",160280
"23-Jun-2021","EQ","1,560.10","1,569.95","1,481.30","1,541.60","1,499.70","1,504.75","1,513.21","1,717.20","145.20",12679703,"19,187,059,087.85",265370
"22-Jun-2021","EQ","1,554.05","1,582.00","1,531.80","1,540.00","1,542.10","1,541.60","1,563.12","1,717.20","145.20",12069983,"18,866,844,732.70",269773
"21-Jun-2021","EQ","1,490.00","1,582.00","1,444.85","1,487.50","1,531.00","1,540.00","1,533.82","1,717.20","145.20",21101083,"32,365,248,197.10",543336
"18-Jun-2021","EQ","1,350.00","1,504.00","1,332.55","1,367.70","1,495.00","1,487.50","1,422.42","1,717.20","142.75",30526777,"43,421,845,928.35",775906
"17-Jun-2021","EQ","1,380.00","1,436.00","1,303.50","1,448.30","1,356.00","1,367.70","1,374.54","1,717.20","142.75",27926070,"38,385,436,658.55",621898
"16-Jun-2021","EQ","1,510.00","1,538.20","1,409.30","1,538.85","1,427.00","1,448.30","1,494.23","1,717.20","142.75",12626149,"18,866,331,555.40",290100
"15-Jun-2021","EQ","1,550.95","1,572.60","1,477.20","1,501.45","1,525.80","1,538.85","1,525.74","1,717.20","142.75",22320542,"34,055,251,940.05",579380
"14-Jun-2021","EQ","1,441.45","1,529.95","1,201.20","1,601.60","1,510.35","1,501.45","1,372.66","1,717.20","142.75",43530006,"59,751,684,972.35",1125572
"11-Jun-2021","EQ","1,615.10","1,620.10","1,575.25","1,612.00","1,601.00","1,601.60","1,599.37","1,717.20","141.00",5355387,"8,565,256,925.95",113482
"10-Jun-2021","EQ","1,612.00","1,630.00","1,591.00","1,594.65","1,609.80","1,612.00","1,609.08","1,717.20","141.00",5362307,"8,628,379,885.05",114278
"09-Jun-2021","EQ","1,640.00","1,649.45","1,571.85","1,636.45","1,590.45","1,594.65","1,610.46","1,717.20","141.00",11614666,"18,704,933,129.65",249405
"08-Jun-2021","EQ","1,633.00","1,668.00","1,602.45","1,624.30","1,633.00","1,636.45","1,633.09","1,717.20","141.00",12410257,"20,267,043,634.75",269336
"07-Jun-2021","EQ","1,715.00","1,717.20","1,613.00","1,700.95","1,625.00","1,624.30","1,654.64","1,717.20","141.00",15350263,"25,399,188,226.90",352456
"04-Jun-2021","EQ","1,605.00","1,713.55","1,585.80","1,583.10","1,706.00","1,700.95","1,658.36","1,713.55","141.00",21102075,"34,994,810,079.05",462330
"03-Jun-2021","EQ","1,564.00","1,623.80","1,553.00","1,546.75","1,592.40","1,583.10","1,594.10","1,623.80","141.00",19107244,"30,458,894,272.35",433658
"02-Jun-2021","EQ","1,425.55","1,557.00","1,413.00","1,416.25","1,551.30","1,546.75","1,506.78","1,557.00","141.00",24541949,"36,979,348,601.00",519240
"01-Jun-2021","EQ","1,319.90","1,430.00","1,309.05","1,316.30","1,422.95","1,416.25","1,375.69","1,430.00","141.00",10018645,"13,782,501,580.55",226280
"31-May-2021","EQ","1,307.05","1,321.50","1,292.00","1,302.60","1,316.45","1,316.30","1,306.27","1,351.55","141.00",2709718,"3,539,614,088.75",55331
"28-May-2021","EQ","1,311.60","1,330.45","1,298.00","1,325.80","1,302.00","1,302.60","1,311.65","1,351.55","138.35",2979585,"3,908,173,810.85",58720
"27-May-2021","EQ","1,329.50","1,342.00","1,304.25","1,322.80","1,312.50","1,325.80","1,327.15","1,351.55","138.35",36690935,"48,694,243,135.70",148251
"26-May-2021","EQ","1,288.95","1,326.85","1,254.25","1,282.75","1,321.95","1,322.80","1,302.43","1,351.55","138.35",5630730,"7,333,623,873.20",101921
"25-May-2021","EQ","1,314.35","1,322.00","1,272.90","1,306.80","1,287.95","1,282.75","1,298.84","1,351.55","138.35",3697062,"4,801,882,524.40",63487
"24-May-2021","EQ","1,321.70","1,328.65","1,303.00","1,315.10","1,305.00","1,306.80","1,317.75","1,351.55","138.35",7913411,"10,427,872,546.90",73375
"21-May-2021","EQ","1,320.00","1,336.00","1,300.05","1,302.00","1,312.95","1,315.10","1,315.58","1,351.55","134.35",8314215,"10,938,019,705.85",108506
"20-May-2021","EQ","1,301.30","1,320.00","1,283.95","1,294.70","1,303.00","1,302.00","1,303.86","1,351.55","134.35",5837747,"7,611,629,619.30",73646
"19-May-2021","EQ","1,350.00","1,351.55","1,283.90","1,326.70","1,291.60","1,294.70","1,311.78","1,351.55","134.35",9925284,"13,019,799,226.75",124978
"18-May-2021","EQ","1,314.95","1,344.95","1,302.00","1,289.10","1,344.45","1,326.70","1,313.87","1,344.95","134.35",6531595,"8,581,664,718.00",102239
"17-May-2021","EQ","1,230.00","1,299.00","1,227.45","1,220.35","1,291.00","1,289.10","1,277.97","1,328.50","134.35",7782732,"9,946,125,902.30",145729
"14-May-2021","EQ","1,300.00","1,302.00","1,213.35","1,285.80","1,225.20","1,220.35","1,240.55","1,328.50","133.20",6377643,"7,911,763,826.90",147308
"12-May-2021","EQ","1,311.00","1,328.50","1,278.60","1,303.50","1,286.35","1,285.80","1,305.08","1,328.50","133.20",4143731,"5,407,904,094.60",77294
"11-May-2021","EQ","1,292.00","1,326.00","1,284.00","1,304.10","1,300.00","1,303.50","1,306.10","1,326.00","133.20",4744734,"6,197,089,943.40",88249
"10-May-2021","EQ","1,294.90","1,314.00","1,286.30","1,298.90","1,305.00","1,304.10","1,300.14","1,322.40","133.20",3892338,"5,060,579,658.60",68609
"07-May-2021","EQ","1,305.00","1,322.40","1,290.45","1,286.75","1,294.90","1,298.90","1,304.76","1,322.40","127.30",4584524,"5,981,701,636.50",89547
"06-May-2021","EQ","1,272.35","1,311.85","1,263.00","1,267.50","1,290.45","1,286.75","1,285.52","1,311.85","127.30",6240535,"8,022,334,958.15",117092
"05-May-2021","EQ","1,274.40","1,288.25","1,240.25","1,262.50","1,263.50","1,267.50","1,262.69","1,298.95","127.30",7805805,"9,856,323,974.95",161556
"04-May-2021","EQ","1,285.00","1,298.95","1,241.85","1,255.55","1,267.00","1,262.50","1,275.28","1,298.95","127.30",10271516,"13,099,066,568.60",196235
"03-May-2021","EQ","1,145.10","1,264.40","1,122.65","1,158.70","1,255.60","1,255.55","1,216.67","1,264.40","127.30",11276228,"13,719,455,999.25",236879
"30-Apr-2021","EQ","1,171.00","1,200.95","1,143.00","1,182.30","1,146.00","1,158.70","1,178.39","1,251.60","127.30",4232500,"4,987,526,610.20",66953
"29-Apr-2021","EQ","1,196.55","1,212.65","1,178.00","1,185.20","1,185.75","1,182.30","1,195.22","1,251.60","127.30",4070698,"4,865,388,048.00",73596
"28-Apr-2021","EQ","1,207.95","1,213.95","1,180.75","1,191.15","1,185.00","1,185.20","1,196.37","1,251.60","127.30",5020151,"6,005,960,811.60",76062
"27-Apr-2021","EQ","1,184.70","1,213.50","1,181.00","1,173.35","1,191.80","1,191.15","1,197.51","1,251.60","127.30",7109421,"8,513,622,588.35",118607
"26-Apr-2021","EQ","1,160.00","1,197.90","1,160.00","1,157.60","1,170.80","1,173.35","1,183.45","1,251.60","127.30",6939823,"8,212,922,814.25",127378
"23-Apr-2021","EQ","1,161.00","1,182.90","1,145.65","1,157.80","1,150.55","1,157.60","1,167.29","1,251.60","127.30",6167151,"7,198,841,804.15",108883
"22-Apr-2021","EQ","1,134.00","1,169.00","1,123.00","1,142.75","1,156.15","1,157.80","1,150.53","1,251.60","127.30",7124786,"8,197,248,687.35",118109
"20-Apr-2021","EQ","1,156.85","1,177.70","1,125.05","1,136.35","1,137.00","1,142.75","1,154.98","1,251.60","127.30",8261172,"9,541,523,064.10",143251
"19-Apr-2021","EQ","1,100.00","1,153.00","1,089.00","1,159.00","1,134.00","1,136.35","1,130.34","1,251.60","127.30",8565063,"9,681,415,520.05",155220
"16-Apr-2021","EQ","1,130.00","1,192.00","1,112.00","1,129.95","1,156.40","1,159.00","1,163.18","1,251.60","127.30",10661068,"12,400,729,514.50",196992
"15-Apr-2021","EQ","1,095.00","1,144.90","1,081.35","1,106.35","1,124.00","1,129.95","1,118.21","1,251.60","127.30",9350889,"10,456,249,678.55",187596
"13-Apr-2021","EQ","1,077.00","1,116.30","1,051.05","1,074.40","1,102.00","1,106.35","1,091.81","1,251.60","127.30",12137329,"13,251,645,770.75",257690
"12-Apr-2021","EQ","1,177.40","1,177.40","1,061.40","1,201.40","1,068.00","1,074.40","1,104.57","1,251.60","127.30",13690016,"15,121,531,594.65",290601
"09-Apr-2021","EQ","1,163.40","1,228.00","1,151.20","1,162.50","1,202.30","1,201.40","1,196.78","1,251.60","127.30",12923020,"15,466,062,151.20",264400
"08-Apr-2021","EQ","1,162.50","1,191.00","1,137.75","1,165.55","1,159.95","1,162.50","1,168.28","1,251.60","127.30",12404773,"14,492,274,683.75",255744
"07-Apr-2021","EQ","1,233.40","1,251.60","1,108.00","1,225.40","1,157.90","1,165.55","1,182.19","1,251.60","127.30",23007694,"27,199,396,143.70",456576
"06-Apr-2021","EQ","1,153.40","1,241.00","1,142.50","1,138.25","1,222.60","1,225.40","1,203.66","1,241.00","127.30",21496457,"25,874,426,150.45",357142
"05-Apr-2021","EQ","1,127.00","1,150.00","1,098.85","1,107.20","1,141.00","1,138.25","1,127.43","1,150.00","127.30",15795720,"17,808,563,575.15",298644
"01-Apr-2021","EQ","1,043.40","1,116.05","1,035.00","1,031.15","1,104.65","1,107.20","1,082.05","1,116.05","121.00",12713083,"13,756,203,233.75",216541
"31-Mar-2021","EQ","1,038.00","1,053.15","1,016.60","1,031.55","1,031.00","1,031.15","1,033.79","1,093.00","121.00",6440569,"6,658,170,701.65",101244
"30-Mar-2021","EQ","1,004.00","1,042.45","988.00","988.30","1,039.90","1,031.55","1,021.02","1,093.00","121.00",10470731,"10,690,838,701.70",144844
"26-Mar-2021","EQ","1,000.00","1,018.45","978.00","981.55","989.30","988.30","992.42","1,093.00","116.40",9396506,"9,325,246,626.15",128071
"25-Mar-2021","EQ","1,032.95","1,041.45","977.00","1,025.45","981.00","981.55","1,000.27","1,093.00","116.40",13139164,"13,142,770,606.45",213722
"24-Mar-2021","EQ","1,063.00","1,093.00","1,018.40","1,058.40","1,020.35","1,025.45","1,060.20","1,093.00","116.40",22877032,"24,254,123,461.00",381907
"23-Mar-2021","EQ","999.00","1,086.70","991.05","991.05","1,060.00","1,058.40","1,057.72","1,086.70","116.40",31098225,"32,893,205,021.80",508458
"22-Mar-2021","EQ","892.90","1,003.00","883.45","889.65","992.50","991.05","965.79","1,003.00","116.40",22596465,"21,823,390,368.20",314562
"19-Mar-2021","EQ","866.00","895.40","840.20","871.05","885.50","889.65","870.63","944.90","116.40",4794995,"4,174,660,013.65",63473
"18-Mar-2021","EQ","876.00","891.00","857.75","873.90","874.80","871.05","877.32","944.90","116.40",4465851,"3,917,986,686.50",56225
"17-Mar-2021","EQ","898.00","905.40","865.00","897.80","866.25","873.90","885.28","944.90","116.40",3886557,"3,440,710,243.75",55924
"16-Mar-2021","EQ","900.70","904.40","888.05","896.20","898.00","897.80","896.66","944.90","116.40",2555026,"2,290,990,755.95",38728
"15-Mar-2021","EQ","898.75","904.00","874.50","894.10","894.25","896.20","892.85","944.90","116.40",5235064,"4,674,145,955.35",72245
"12-Mar-2021","EQ","905.00","923.80","889.30","898.15","892.00","894.10","908.20","944.90","116.40",6049852,"5,494,453,914.10",83542
"10-Mar-2021","EQ","911.00","914.10","888.70","905.20","895.05","898.15","901.15","944.90","116.40",5465016,"4,924,790,824.15",72031
"09-Mar-2021","EQ","918.00","928.40","893.60","910.20","900.90","905.20","911.92","944.90","116.40",5561849,"5,071,976,202.35",79060
"08-Mar-2021","EQ","918.10","926.40","905.10","909.90","908.90","910.20","914.76","944.90","116.40",3904469,"3,571,648,086.85",63631
"05-Mar-2021","EQ","918.00","934.00","888.30","918.40","911.20","909.90","912.32","944.90","116.40",7109101,"6,485,799,938.70",103409
"04-Mar-2021","EQ","910.00","938.70","905.40","915.35","917.00","918.40","924.59","944.90","116.40",8141787,"7,527,816,501.30",111078
"03-Mar-2021","EQ","880.45","944.90","872.85","872.55","916.00","915.35","910.94","944.90","116.40",11670544,"10,631,112,570.40",162581
"02-Mar-2021","EQ","857.40","876.50","852.25","851.50","869.70","872.55","862.74","876.50","116.40",5116413,"4,414,123,931.55",64705
"01-Mar-2021","EQ","840.75","860.95","836.45","833.65","850.00","851.50","849.28","862.40","116.40",5996840,"5,092,999,166.40",77419
"26-Feb-2021","EQ","833.90","861.00","819.85","843.50","833.85","833.65","840.20","862.40","116.40",11355426,"9,540,787,952.05",145986
"25-Feb-2021","EQ","814.00","862.40","809.00","805.20","845.80","843.50","837.00","862.40","116.40",12118095,"10,142,786,788.05",149215
"24-Feb-2021","EQ","806.00","812.05","795.45","799.65","805.95","805.20","803.79","831.00","116.40",4626257,"3,718,554,852.90",51155
"23-Feb-2021","EQ","814.80","827.30","789.00","805.90","797.25","799.65","807.70","831.00","116.40",9753081,"7,877,592,871.50",147152
"22-Feb-2021","EQ","786.00","813.00","780.55","781.90","806.00","805.90","796.64","831.00","116.40",10890564,"8,675,908,873.90",141428
"19-Feb-2021","EQ","813.00","831.00","729.50","808.20","785.50","781.90","787.61","831.00","116.40",20210882,"15,918,309,982.20",264125
"18-Feb-2021","EQ","787.25","824.50","786.00","785.45","813.00","808.20","805.77","824.50","116.40",9694238,"7,811,318,246.75",118120
"17-Feb-2021","EQ","787.15","802.00","782.25","780.20","785.00","785.45","791.11","802.95","116.40",8908279,"7,047,429,712.15",127468
"16-Feb-2021","EQ","760.00","802.95","756.25","763.45","783.00","780.20","785.36","802.95","116.40",19426061,"15,256,376,183.00",265192
"15-Feb-2021","EQ","725.00","787.95","707.65","718.95","754.10","763.45","755.68","787.95","116.40",21579566,"16,307,354,157.40",309592
"12-Feb-2021","EQ","657.00","724.45","655.20","658.60","711.25","718.95","697.58","724.45","116.40",16810897,"11,727,010,506.05",213711
"11-Feb-2021","EQ","654.00","661.00","645.35","650.70","657.00","658.60","652.55","661.00","116.40",3688016,"2,406,630,650.80",58679
"10-Feb-2021","EQ","633.05","654.90","622.10","629.85","654.00","650.70","641.02","654.90","116.40",5991927,"3,840,939,886.20",71564
"09-Feb-2021","EQ","631.45","641.90","621.00","628.30","633.05","629.85","631.69","641.90","116.40",4510798,"2,849,410,333.65",58734
"08-Feb-2021","EQ","605.40","638.00","603.55","595.35","629.80","628.30","626.70","638.00","116.40",7085276,"4,440,356,614.00",98888
"05-Feb-2021","EQ","595.00","607.85","588.60","589.70","599.00","595.35","597.53","611.70","116.40",4754950,"2,841,245,975.95",61829
"04-Feb-2021","EQ","561.95","611.70","556.00","566.60","590.00","589.70","593.78","611.70","116.40",11184167,"6,640,924,055.95",131091
"03-Feb-2021","EQ","568.00","576.60","558.35","564.20","563.90","566.60","568.07","576.60","116.40",6087209,"3,457,949,523.65",72204
"02-Feb-2021","EQ","542.05","566.90","540.80","537.20","563.40","564.20","554.82","566.90","116.40",5144708,"2,854,394,171.15",59813
"01-Feb-2021","EQ","510.50","539.50","496.90","506.65","539.50","537.20","520.04","552.95","116.40",4004036,"2,082,255,995.95",47536
"29-Jan-2021","EQ","515.20","525.20","502.50","511.85","503.45","506.65","516.23","552.95","116.40",3822560,"1,973,320,487.05",51287
"28-Jan-2021","EQ","507.30","519.50","501.35","512.80","511.80","511.85","511.77","552.95","116.40",4197516,"2,148,145,551.10",45012
"27-Jan-2021","EQ","513.10","521.55","507.05","513.90","509.90","512.80","514.84","552.95","116.40",2792007,"1,437,423,305.35",26971
"25-Jan-2021","EQ","530.25","534.40","509.00","526.80","513.10","513.90","521.95","552.95","116.40",3728411,"1,946,040,928.60",38888
"22-Jan-2021","EQ","534.05","546.75","521.60","536.90","525.05","526.80","534.48","552.95","116.40",4179558,"2,233,878,750.80",45471
"21-Jan-2021","EQ","551.40","552.95","531.55","546.75","537.90","536.90","544.69","552.95","116.40",4208383,"2,292,277,216.45",42036
"20-Jan-2021","EQ","532.15","552.15","531.00","530.10","545.05","546.75","540.74","552.15","116.40",6681731,"3,613,068,857.75",85212
"19-Jan-2021","EQ","512.30","532.00","512.30","507.85","529.90","530.10","525.05","541.00","116.40",4181185,"2,195,337,548.20",50659
"18-Jan-2021","EQ","528.00","529.10","502.05","527.30","504.95","507.85","515.17","541.00","116.40",5204588,"2,681,231,842.15",59387
"15-Jan-2021","EQ","534.70","537.50","518.80","532.10","525.45","527.30","528.77","541.00","116.40",3376852,"1,785,578,557.85",40288
"14-Jan-2021","EQ","534.95","541.00","528.40","536.05","532.00","532.10","535.12","541.00","116.40",3161306,"1,691,680,538.00",36217
"13-Jan-2021","EQ","529.10","540.20","521.30","525.40","533.00","536.05","532.73","540.20","116.40",4948731,"2,636,329,855.80",53214
"12-Jan-2021","EQ","519.00","536.60","517.10","519.15","528.45","525.40","529.05","536.60","116.40",4878024,"2,580,716,768.35",49859
"11-Jan-2021","EQ","520.60","524.60","510.50","518.00","517.05","519.15","517.28","526.60","116.40",4148831,"2,146,092,715.80",32200
"08-Jan-2021","EQ","523.00","526.60","514.10","518.10","519.00","518.00","519.81","526.60","116.40",3702267,"1,924,488,783.20",38483
"07-Jan-2021","EQ","493.90","523.95","493.80","490.90","515.40","518.10","513.58","523.95","116.40",9879731,"5,074,049,927.95",86263
"06-Jan-2021","EQ","496.00","500.65","484.25","494.40","490.00","490.90","493.83","507.00","116.40",3295461,"1,627,398,169.45",31038
"05-Jan-2021","EQ","492.00","501.40","489.60","494.50","495.50","494.40","496.08","507.00","116.40",3654033,"1,812,703,489.65",35038
"04-Jan-2021","EQ","492.00","502.60","486.65","491.15","493.40","494.50","495.14","507.00","116.40",4936582,"2,444,301,591.45",47480
"01-Jan-2021","EQ","477.00","493.25","477.00","479.55","489.00","491.15","488.66","507.00","116.40",5035248,"2,460,506,025.40",46645
"31-Dec-2020","EQ","481.00","484.00","435.75","484.15","477.00","479.55","476.54","507.00","116.40",7575962,"3,610,218,919.20",62146
"30-Dec-2020","EQ","489.20","496.00","478.40","489.20","480.00","484.15","488.75","507.00","116.40",5419517,"2,648,794,227.05",61643
"29-Dec-2020","EQ","492.00","499.15","484.70","490.85","487.00","489.20","492.18","507.00","116.40",5849496,"2,879,012,308.70",64854
"28-Dec-2020","EQ","473.00","507.00","472.70","473.65","490.35","490.85","495.30","507.00","116.40",13714406,"6,792,681,492.00",137295
"24-Dec-2020","EQ","465.00","479.85","462.40","463.60","471.95","473.65","471.69","479.85","116.40",7985151,"3,766,494,775.60",71535
"23-Dec-2020","EQ","458.00","466.80","454.20","458.80","463.70","463.60","460.75","473.95","116.40",4604130,"2,121,362,159.55",46272
"22-Dec-2020","EQ","428.20","461.55","418.10","429.20","458.00","458.80","442.35","473.95","116.40",8342699,"3,690,379,601.95",91578
"21-Dec-2020","EQ","454.00","460.75","409.65","455.15","427.50","429.20","440.63","473.95","116.40",5350194,"2,357,468,171.10",53838
"18-Dec-2020","EQ","461.00","464.20","450.80","459.30","455.65","455.15","456.21","473.95","116.40",2159692,"985,272,997.40",23249
"17-Dec-2020","EQ","463.40","473.95","455.10","463.25","461.00","459.30","465.60","473.95","116.40",4912523,"2,287,291,582.40",65439
"16-Dec-2020","EQ","462.50","467.55","457.55","462.45","463.00","463.25","462.55","467.55","116.40",4088505,"1,891,126,660.90",40984
"15-Dec-2020","EQ","455.50","464.05","446.55","455.15","462.20","462.45","457.24","466.35","116.40",4779869,"2,185,563,543.25",53581
"14-Dec-2020","EQ","451.00","462.00","447.00","449.80","454.45","455.15","454.65","466.35","116.40",3762369,"1,710,568,818.30",40441
"11-Dec-2020","EQ","447.25","451.80","440.40","447.25","448.85","449.80","447.56","466.35","116.40",2940168,"1,315,901,506.25",29698
"10-Dec-2020","EQ","448.00","452.25","438.05","449.10","446.05","447.25","445.49","466.35","116.40",3113868,"1,387,196,177.50",30711
"09-Dec-2020","EQ","454.00","458.10","447.30","451.90","449.50","449.10","452.13","466.35","116.40",2798049,"1,265,087,102.30",28205
"08-Dec-2020","EQ","457.55","462.30","446.55","457.55","450.80","451.90","454.47","466.35","116.40",3872952,"1,760,146,842.20",39842
"07-Dec-2020","EQ","446.00","466.35","445.95","445.95","455.35","457.55","455.56","466.35","116.40",5371039,"2,446,842,902.80",50658
"04-Dec-2020","EQ","449.00","456.55","442.00","447.55","446.00","445.95","448.93","461.90","116.40",4131360,"1,854,704,555.80",38726
"03-Dec-2020","EQ","453.75","457.00","443.25","453.75","445.90","447.55","448.46","461.90","116.40",6848649,"3,071,335,924.75",62819
"02-Dec-2020","EQ","420.55","461.90","419.35","421.90","452.45","453.75","445.42","461.90","116.40",16821595,"7,492,597,540.35",136223
"01-Dec-2020","EQ","398.00","423.95","395.10","398.40","422.00","421.90","414.64","423.95","116.40",7846125,"3,253,356,352.40",63473
"27-Nov-2020","EQ","401.00","407.85","396.30","401.95","399.90","398.40","401.07","415.50","116.40",6429153,"2,578,561,845.55",38542
"26-Nov-2020","EQ","402.80","411.55","399.15","399.25","401.90","401.95","404.58","415.50","116.40",5490958,"2,221,523,583.55",54492
"25-Nov-2020","EQ","408.95","411.50","393.00","407.20","399.65","399.25","402.44","415.50","116.40",3448648,"1,387,872,288.45",41919
"24-Nov-2020","EQ","409.90","415.50","404.20","409.05","407.55","407.20","409.95","415.50","116.40",6167783,"2,528,490,573.30",61496
"23-Nov-2020","EQ","390.10","413.70","383.10","388.30","406.95","409.05","399.58","413.70","116.40",7318547,"2,924,327,297.95",77500
"20-Nov-2020","EQ","385.10","402.00","385.00","385.75","386.60","388.30","392.07","404.70","116.40",5490838,"2,152,766,851.30",53532
"19-Nov-2020","EQ","390.00","398.50","377.80","394.50","384.65","385.75","390.19","404.70","116.40",7731483,"3,016,767,508.15",58657
"18-Nov-2020","EQ","393.95","404.70","387.40","394.30","392.00","394.50","395.65","404.70","116.40",8656493,"3,424,973,766.20",87829
"17-Nov-2020","EQ","372.00","401.95","371.00","371.25","393.40","394.30","388.40","401.95","116.40",10496968,"4,076,981,235.20",89625
"14-Nov-2020","EQ","369.80","372.85","369.50","368.60","369.85","371.25","371.43","372.85","116.40",620753,"230,563,200.00",6326
"13-Nov-2020","EQ","364.00","371.65","362.05","365.55","368.40","368.60","367.75","371.65","116.40",2786714,"1,024,826,364.00",25982
"12-Nov-2020","EQ","358.20","369.50","358.00","360.10","365.30","365.55","365.33","369.50","116.40",4199715,"1,534,288,429.05",33939
"11-Nov-2020","EQ","359.20","362.70","354.05","359.50","361.00","360.10","358.64","364.70","116.40",2869576,"1,029,155,917.20",25031
"10-Nov-2020","EQ","358.10","361.75","353.20","357.90","360.15","359.50","357.59","364.70","116.40",3590100,"1,283,786,137.80",30134
"09-Nov-2020","EQ","354.00","364.70","351.85","352.10","356.80","357.90","358.68","364.70","116.40",6278843,"2,252,085,941.20",53415
"06-Nov-2020","EQ","352.00","353.85","345.05","352.75","350.50","352.10","350.07","359.50","116.40",3863486,"1,352,486,229.35",33357
"05-Nov-2020","EQ","353.00","354.95","345.25","351.85","351.50","352.75","349.92","359.50","116.40",5361436,"1,876,062,024.05",52645
"04-Nov-2020","EQ","342.60","359.50","337.50","344.80","350.00","351.85","348.57","359.50","116.40",9701398,"3,381,574,771.00",97728
"03-Nov-2020","EQ","344.00","349.60","340.15","341.10","345.00","344.80","344.64","349.60","116.40",4078834,"1,405,732,536.15",37442
"02-Nov-2020","EQ","339.10","344.30","333.05","339.70","340.25","341.10","340.09","347.50","116.40",4272022,"1,452,882,459.15",41178
"30-Oct-2020","EQ","331.05","347.50","329.65","328.90","335.70","339.70","338.75","347.50","116.40",14205844,"4,812,293,431.00",114860
"29-Oct-2020","EQ","315.40","332.35","313.20","318.85","332.00","328.90","323.95","335.60","116.40",6897070,"2,234,310,516.30",65133
"28-Oct-2020","EQ","313.80","320.80","309.85","314.05","318.20","318.85","315.19","335.60","116.40",3098009,"976,469,239.75",31356
"27-Oct-2020","EQ","308.00","315.35","303.00","307.40","314.20","314.05","309.77","335.60","116.40",3550035,"1,099,695,981.40",29626
"26-Oct-2020","EQ","318.00","318.70","305.05","315.45","306.15","307.40","313.27","335.60","116.40",4397443,"1,377,592,913.85",30003
"23-Oct-2020","EQ","314.00","322.45","313.30","311.50","314.65","315.45","318.08","335.60","116.40",4159352,"1,322,991,471.90",41468
"22-Oct-2020","EQ","311.00","314.80","309.00","312.00","311.30","311.50","312.15","335.60","116.40",2381193,"743,285,000.65",20514
"21-Oct-2020","EQ","322.00","324.70","306.00","321.90","310.50","312.00","315.66","335.60","116.40",4998996,"1,577,975,850.15",40184
"20-Oct-2020","EQ","315.30","327.85","313.50","316.95","320.00","321.90","323.43","335.60","116.40",7199010,"2,328,367,475.40",58834
"19-Oct-2020","EQ","309.90","319.25","309.35","307.00","317.95","316.95","314.14","335.60","116.40",3330111,"1,046,137,112.20",33767
"16-Oct-2020","EQ","309.25","313.95","305.35","307.10","307.80","307.00","309.67","335.60","116.40",1871538,"579,562,622.10",24631
"15-Oct-2020","EQ","315.00","325.85","305.35","313.40","308.00","307.10","318.03","335.60","116.40",4960733,"1,577,685,848.85",57211
"14-Oct-2020","EQ","312.95","315.70","310.05","313.20","314.35","313.40","312.86","335.60","116.40",1517710,"474,830,335.00",17527
"13-Oct-2020","EQ","315.50","316.80","309.75","315.35","314.50","313.20","313.21","335.60","116.40",1454129,"455,442,328.90",16095
"12-Oct-2020","EQ","315.00","322.70","313.00","313.00","315.50","315.35","317.15","335.60","116.40",2556329,"810,732,979.30",26557
"09-Oct-2020","EQ","318.80","322.05","310.50","316.25","314.85","313.00","317.16","335.60","116.40",2468904,"783,039,101.70",28539
"08-Oct-2020","EQ","329.00","329.80","310.50","330.10","318.95","316.25","322.01","335.60","116.40",4125999,"1,328,601,150.50",38669
"07-Oct-2020","EQ","325.15","335.60","323.25","327.15","327.45","330.10","329.82","335.60","116.40",8234015,"2,715,709,066.30",63855
"06-Oct-2020","EQ","329.40","331.15","320.30","326.60","325.65","327.15","325.56","334.50","116.40",7705557,"2,508,619,907.20",66051
"05-Oct-2020","EQ","311.50","334.50","307.35","308.15","327.90","326.60","321.41","334.50","116.40",20009598,"6,431,324,037.10",152474
"01-Oct-2020","EQ","299.80","311.95","296.00","297.10","310.00","308.15","303.20","322.40","116.40",6914505,"2,096,452,483.00",50276
"30-Sep-2020","EQ","300.00","304.70","295.10","297.90","295.70","297.10","298.58","322.40","116.40",5618024,"1,677,419,909.40",44732
"29-Sep-2020","EQ","299.90","307.00","292.15","295.70","298.00","297.90","299.22","322.40","116.40",10246726,"3,066,037,933.50",76317
"28-Sep-2020","EQ","283.10","302.05","282.10","280.30","300.30","295.70","291.16","322.40","116.40",5876021,"1,710,869,647.30",45004
"25-Sep-2020","EQ","275.90","283.60","275.00","270.45","281.05","280.30","279.53","322.40","116.40",7663618,"2,142,181,454.75",51759
"24-Sep-2020","EQ","277.95","281.25","269.50","283.55","271.20","270.45","274.65","322.40","116.40",3690059,"1,013,478,278.20",33113
"23-Sep-2020","EQ","283.95","296.25","278.45","280.40","281.85","283.55","287.54","322.40","116.40",8864858,"2,549,014,971.95",73997
"22-Sep-2020","EQ","278.25","283.00","257.50","277.10","281.85","280.40","272.72","322.40","116.40",12536116,"3,418,891,179.60",102459
"21-Sep-2020","EQ","293.00","296.25","265.00","291.55","277.50","277.10","284.79","322.40","116.40",6460064,"1,839,756,128.20",48818
"18-Sep-2020","EQ","297.60","299.70","287.30","293.70","291.60","291.55","293.25","322.40","116.40",2744797,"804,906,324.90",28522
"17-Sep-2020","EQ","295.00","300.80","292.15","297.10","293.60","293.70","296.11","322.40","116.40",2466000,"730,218,923.55",28129
"16-Sep-2020","EQ","292.70","302.85","290.10","288.55","297.55","297.10","298.13","322.40","116.40",6159258,"1,836,262,063.95",59646
"15-Sep-2020","EQ","294.90","298.70","270.00","293.15","290.00","288.55","292.80","322.40","116.40",2552782,"747,458,911.90",29842
"14-Sep-2020","EQ","301.80","304.00","290.15","296.00","292.50","293.15","298.72","322.40","116.40",6120187,"1,828,225,191.05",63888
"11-Sep-2020","EQ","299.00","303.65","292.10","298.30","295.40","296.00","297.79","322.40","116.40",9743753,"2,901,637,043.65",76058
"10-Sep-2020","EQ","287.65","307.95","285.90","283.05","297.20","298.30","299.65","322.40","116.40",25430550,"7,620,193,746.20",207786
"09-Sep-2020","EQ","276.90","286.90","274.40","277.70","285.20","283.05","280.50","322.40","116.40",6661093,"1,868,451,346.85",50783
"08-Sep-2020","EQ","286.00","289.80","273.55","285.25","275.75","277.70","283.06","322.40","116.40",5660442,"1,602,223,902.35",44754
"07-Sep-2020","EQ","285.15","291.70","282.05","285.15","285.35","285.25","286.61","322.40","116.40",5812023,"1,665,810,535.30",48038
"04-Sep-2020","EQ","284.00","293.45","280.10","291.25","285.00","285.15","286.24","322.40","116.40",6720255,"1,923,627,591.75",66933
"03-Sep-2020","EQ","294.75","298.70","287.65","293.05","290.70","291.25","293.83","322.40","116.40",9061932,"2,662,695,663.10",85821
"02-Sep-2020","EQ","283.00","306.00","280.40","281.10","292.80","293.05","295.95","322.40","116.40",17406700,"5,151,486,759.25",150170
"01-Sep-2020","EQ","279.95","287.05","271.55","279.55","282.45","281.10","279.25","322.40","116.40",5169526,"1,443,578,290.30",51037
"31-Aug-2020","EQ","290.00","297.60","270.25","288.25","278.00","279.55","285.34","322.40","116.40",15172397,"4,329,281,700.55",134346
"28-Aug-2020","EQ","289.00","295.65","286.50","286.70","287.35","288.25","290.50","322.40","116.40",7256286,"2,107,974,132.50",59038
"27-Aug-2020","EQ","284.90","297.70","283.70","285.55","285.90","286.70","291.02","322.40","116.40",15749472,"4,583,474,708.30",124274
"26-Aug-2020","EQ","299.00","302.80","278.25","307.55","283.00","285.55","290.08","322.40","116.40",26720036,"7,750,913,764.40",221507
"25-Aug-2020","EQ","252.00","322.40","250.00","248.70","299.80","307.55","287.26","322.40","116.40",49264767,"14,151,785,336.40",299440
"24-Aug-2020","EQ","236.00","253.85","235.00","233.35","249.00","248.70","244.69","261.00","116.40",11879433,"2,906,831,514.75",84346
"21-Aug-2020","EQ","237.10","244.50","231.10","234.00","234.00","233.35","237.64","261.00","116.40",5797329,"1,377,683,897.60",49170
"20-Aug-2020","EQ","241.20","245.00","230.40","239.55","236.15","234.00","238.12","261.00","116.40",9484513,"2,258,453,807.15",79833
"19-Aug-2020","EQ","214.25","245.40","214.25","213.70","243.00","239.55","231.40","261.00","116.40",19592087,"4,533,551,628.65",139730
"18-Aug-2020","EQ","200.00","216.80","199.00","197.80","214.00","213.70","210.45","261.00","116.40",13368091,"2,813,351,420.15",75215
"17-Aug-2020","EQ","197.40","201.65","196.05","196.20","197.35","197.80","198.87","261.00","116.40",3227005,"641,759,561.40",26760
"14-Aug-2020","EQ","202.40","204.50","191.45","200.75","196.50","196.20","200.61","261.00","116.40",6617104,"1,327,459,649.30",61215
"13-Aug-2020","EQ","198.90","203.30","197.75","197.70","201.80","200.75","200.66","261.00","116.40",3552469,"712,830,324.90",29858
"12-Aug-2020","EQ","195.80","200.75","190.20","195.85","197.10","197.70","197.01","261.00","116.40",3352637,"660,509,727.85",31098
"11-Aug-2020","EQ","196.00","199.80","194.40","195.70","196.35","195.85","196.87","261.00","116.40",2965963,"583,900,555.10",27278
"10-Aug-2020","EQ","192.90","198.30","192.35","192.90","195.40","195.70","195.48","261.00","116.40",4627829,"904,655,872.65",39754
"07-Aug-2020","EQ","181.05","195.00","180.10","185.95","192.00","192.90","189.40","261.00","116.40",9386326,"1,777,765,630.50",60607
"06-Aug-2020","EQ","180.10","188.00","177.50","179.60","184.75","185.95","183.35","261.00","116.40",6447346,"1,182,138,360.75",37096
"05-Aug-2020","EQ","183.00","184.80","178.50","182.10","179.45","179.60","182.01","261.00","116.40",4042372,"735,762,804.35",31056
"04-Aug-2020","EQ","174.00","184.00","172.20","172.25","181.30","182.10","177.82","261.00","116.40",4209093,"748,458,375.20",32421
"03-Aug-2020","EQ","175.25","178.70","171.20","175.25","172.60","172.25","175.73","261.00","116.40",2789132,"490,130,909.45",22118
"31-Jul-2020","EQ","174.00","178.65","172.10","175.05","175.45","175.25","175.60","261.00","116.40",2644458,"464,369,718.40",21574
"30-Jul-2020","EQ","179.20","181.35","173.25","179.10","174.05","175.05","176.89","261.00","116.40",3403350,"602,018,427.70",24773
"29-Jul-2020","EQ","174.00","190.85","172.05","173.55","177.85","179.10","183.41","261.00","116.40",15392611,"2,823,211,174.65",84828
"28-Jul-2020","EQ","166.30","174.90","163.80","165.95","172.80","173.55","171.00","261.00","116.40",4829254,"825,812,172.35",34317
"27-Jul-2020","EQ","168.65","169.05","163.00","168.75","164.10","165.95","165.47","261.00","116.40",1156539,"191,370,142.80",9906
"24-Jul-2020","EQ","167.40","169.75","163.65","169.95","168.90","168.75","167.36","261.00","116.40",1801380,"301,486,033.00",12688
"23-Jul-2020","EQ","168.35","170.70","165.40","169.40","170.20","169.95","168.90","261.00","116.40",2199271,"371,449,844.05",15090
"22-Jul-2020","EQ","167.00","172.00","162.00","167.30","168.85","169.40","168.29","261.00","116.40",4611051,"776,011,551.80",27731
"21-Jul-2020","EQ","161.45","168.10","159.10","160.70","167.50","167.30","163.58","261.00","116.40",6517623,"1,066,161,108.50",36990
"20-Jul-2020","EQ","153.15","161.90","152.10","151.60","161.45","160.70","158.04","261.00","116.40",6330153,"1,000,401,854.35",40305
"17-Jul-2020","EQ","149.75","153.90","149.00","148.90","152.30","151.60","151.73","261.00","116.40",2222846,"337,278,039.45",14846
"16-Jul-2020","EQ","148.10","150.00","145.20","147.75","148.25","148.90","147.75","261.00","116.40",1473784,"217,746,645.30",12469
"15-Jul-2020","EQ","150.10","153.85","147.00","149.75","147.65","147.75","151.02","261.00","116.40",2180515,"329,294,389.35",15706
"14-Jul-2020","EQ","155.90","156.25","149.00","156.05","149.75","149.75","151.56","261.00","116.40",2352037,"356,484,495.05",17732
"13-Jul-2020","EQ","161.45","162.45","154.35","159.70","156.00","156.05","157.43","261.00","116.40",2586181,"407,153,496.90",17167
"10-Jul-2020","EQ","161.50","163.40","158.50","162.75","159.20","159.70","160.07","261.00","116.40",1950862,"312,266,414.95",15985
"09-Jul-2020","EQ","163.00","165.10","161.45","163.00","162.60","162.75","162.95","261.00","116.40",1711099,"278,815,108.45",11657
"08-Jul-2020","EQ","168.00","169.50","161.40","168.15","162.70","163.00","166.29","261.00","116.40",3650215,"607,009,753.15",30955
"07-Jul-2020","EQ","164.50","170.65","163.30","164.20","167.75","168.15","167.37","261.00","116.40",8172263,"1,367,797,400.70",47991
"06-Jul-2020","EQ","161.95","165.20","160.50","160.00","164.60","164.20","163.65","261.00","116.40",3515715,"575,358,335.50",24317
"03-Jul-2020","EQ","160.00","163.85","157.40","158.20","159.50","160.00","161.43","261.00","116.40",4481658,"723,476,639.05",28472
"02-Jul-2020","EQ","159.80","160.95","156.15","157.65","158.75","158.20","158.39","261.00","116.40",2152710,"340,966,710.60",14616
"01-Jul-2020","EQ","157.15","159.00","156.05","156.25","157.00","157.65","157.51","261.00","116.40",1681231,"264,804,393.35",12255
"30-Jun-2020","EQ","161.40","164.15","155.25","159.75","156.20","156.25","159.47","261.00","116.40",3827270,"610,321,357.45",22464
"29-Jun-2020","EQ","161.40","163.55","156.75","162.15","159.35","159.75","159.67","261.00","116.40",2937549,"469,027,086.65",19915
"26-Jun-2020","EQ","164.00","166.35","161.30","161.65","162.35","162.15","163.29","261.00","116.40",6774409,"1,106,209,316.70",46329
"25-Jun-2020","EQ","153.25","169.20","153.00","154.80","162.50","161.65","163.44","261.00","116.40",14628400,"2,390,935,283.15",89043
"24-Jun-2020","EQ","159.10","163.00","153.50","157.20","155.40","154.80","158.60","261.00","116.40",4078243,"646,824,723.45",32527
"23-Jun-2020","EQ","157.00","161.80","155.55","154.65","157.10","157.20","158.27","261.00","116.40",4790124,"758,114,765.80",31871
"22-Jun-2020","EQ","154.50","156.20","153.60","152.70","154.80","154.65","155.10","261.00","116.40",4663344,"723,278,316.70",18868
"19-Jun-2020","EQ","149.60","154.40","148.90","147.85","153.00","152.70","151.81","261.00","116.40",5245929,"796,399,460.20",26119
"18-Jun-2020","EQ","146.70","149.45","146.00","147.15","148.00","147.85","147.86","261.00","116.40",2037815,"301,310,525.25",16346
"17-Jun-2020","EQ","145.00","148.45","143.45","146.20","147.40","147.15","146.81","261.00","116.40",1252826,"183,921,828.75",11425
"16-Jun-2020","EQ","153.50","154.00","142.75","149.25","145.85","146.20","148.63","261.00","116.40",2640412,"392,433,335.80",22623
"15-Jun-2020","EQ","151.80","156.85","148.25","152.30","149.10","149.25","152.20","261.00","116.40",3214996,"489,307,940.35",25000
"12-Jun-2020","EQ","144.00","153.30","141.00","151.80","152.65","152.30","148.02","261.00","116.40",4817495,"713,064,550.50",32778
"11-Jun-2020","EQ","151.85","165.45","150.25","151.85","152.65","151.80","158.29","261.00","116.40",16533100,"2,617,048,912.20",96730
"10-Jun-2020","EQ","152.75","154.75","150.25","151.90","151.75","151.85","152.62","261.00","116.40",4135128,"631,102,879.65",55083
"09-Jun-2020","EQ","154.20","156.70","151.05","152.65","151.50","151.90","153.76","261.00","116.40",3005662,"462,154,810.25",21847
"08-Jun-2020","EQ","155.60","158.50","150.65","152.45","152.90","152.65","155.18","261.00","116.40",4900204,"760,420,240.30",51110
"05-Jun-2020","EQ","148.90","155.00","148.45","148.00","153.20","152.45","152.41","261.00","116.40",4111098,"626,567,483.75",42550
"04-Jun-2020","EQ","150.50","153.90","146.15","150.65","148.30","148.00","149.57","261.00","116.40",3146640,"470,651,043.30",27072
"03-Jun-2020","EQ","151.75","157.90","149.60","149.95","150.10","150.65","154.88","261.00","116.40",5875945,"910,038,616.60",52245
"02-Jun-2020","EQ","151.00","152.60","148.25","150.50","149.90","149.95","150.47","261.00","116.40",2482873,"373,593,471.10",23292
"01-Jun-2020","EQ","150.00","154.90","149.50","148.35","149.95","150.50","152.21","261.00","116.40",3985103,"606,573,814.90",24794
"29-May-2020","EQ","141.10","153.60","141.10","142.65","147.75","148.35","149.04","261.00","116.40",9162612,"1,365,624,602.50",50477
"28-May-2020","EQ","141.70","144.40","140.60","141.00","142.70","142.65","142.60","261.00","116.40",2816729,"401,679,609.25",17960
"27-May-2020","EQ","139.75","141.60","138.50","139.50","140.00","141.00","140.32","261.00","116.40",2224751,"312,180,825.30",14416
"26-May-2020","EQ","139.00","143.30","138.35","138.10","139.10","139.50","140.77","261.00","116.40",2657870,"374,145,673.40",23189
"22-May-2020","EQ","138.00","141.20","136.60","138.30","138.05","138.10","138.49","261.00","116.40",2449109,"339,164,911.50",15384
"21-May-2020","EQ","142.20","144.00","137.05","141.35","138.15","138.30","140.20","261.00","116.40",2682563,"376,096,148.55",22923
"20-May-2020","EQ","139.50","143.20","138.00","139.70","142.00","141.35","140.98","261.00","116.40",2872608,"404,993,435.45",19958
"19-May-2020","EQ","137.80","145.90","134.45","135.90","139.30","139.70","140.55","261.00","116.40",5564396,"782,059,402.60",37989
"18-May-2020","EQ","144.80","146.40","134.35","141.05","135.90","135.90","141.11","261.00","116.40",4941536,"697,296,019.25",34898
"15-May-2020","EQ","141.40","143.70","140.00","140.90","141.05","141.05","141.89","261.00","113.00",2145698,"304,456,147.90",16299
"14-May-2020","EQ","139.55","142.35","137.40","141.15","140.50","140.90","140.26","261.00","113.00",1587450,"222,663,655.65",10379
"13-May-2020","EQ","145.00","145.00","140.75","139.90","141.10","141.15","142.15","261.00","113.00",3115040,"442,818,368.95",21894
"12-May-2020","EQ","138.50","140.70","133.20","140.05","139.75","139.90","137.46","261.00","113.00",2901951,"398,898,510.40",20537
"11-May-2020","EQ","137.85","143.30","137.50","137.15","139.30","140.05","141.12","261.00","113.00",2900722,"409,356,336.05",22483
"08-May-2020","EQ","136.90","139.35","136.20","134.90","137.00","137.15","137.55","261.00","113.00",2431475,"334,447,752.10",19115
"07-May-2020","EQ","131.10","135.65","130.00","133.25","135.25","134.90","134.29","261.00","113.00",2423478,"325,447,895.45",21123
"06-May-2020","EQ","133.65","135.40","127.30","132.70","131.15","133.25","131.52","261.00","113.00",6688490,"879,667,550.35",51885
"05-May-2020","EQ","135.00","136.35","131.80","131.55","133.15","132.70","134.29","261.00","113.00",3112486,"417,988,308.65",24886
"04-May-2020","EQ","136.90","137.50","130.00","141.40","131.50","131.55","132.50","261.00","113.00",6013356,"796,788,476.40",37151
"30-Apr-2020","EQ","141.45","147.45","140.30","139.50","141.40","141.40","143.48","261.00","113.00",4900322,"703,119,772.50",42301
"29-Apr-2020","EQ","140.00","140.70","135.65","139.30","140.00","139.50","137.55","261.00","113.00",4774365,"656,729,730.40",34981
"28-Apr-2020","EQ","135.95","141.90","135.05","134.60","138.90","139.30","139.89","261.00","113.00",5721209,"800,329,835.80",42803
"27-Apr-2020","EQ","136.40","138.35","134.10","134.65","134.30","134.60","135.90","261.00","113.00",2996933,"407,280,721.15",20929
"24-Apr-2020","EQ","137.15","140.55","134.10","140.50","134.40","134.65","137.45","261.00","113.00",1823167,"250,600,487.80",13960
"23-Apr-2020","EQ","140.50","142.50","137.50","137.60","139.60","140.50","140.85","261.00","113.00",3371275,"474,848,937.30",24817
"22-Apr-2020","EQ","136.00","138.80","132.10","135.95","137.75","137.60","134.92","261.00","113.00",6012163,"811,186,921.00",27169
"21-Apr-2020","EQ","143.00","143.00","134.15","146.70","135.55","135.95","136.89","261.00","113.00",3576178,"489,556,951.10",29177
"20-Apr-2020","EQ","146.00","155.45","142.60","143.90","146.90","146.70","150.36","261.00","113.00",6835268,"1,027,729,558.90",47481
"17-Apr-2020","EQ","146.95","148.55","141.55","143.30","143.95","143.90","144.54","261.00","113.00",2384033,"344,594,853.80",26603
"16-Apr-2020","EQ","142.00","144.85","140.55","145.25","143.20","143.30","142.35","261.00","113.00",2685695,"382,321,527.95",20157
"15-Apr-2020","EQ","148.05","150.95","143.20","146.00","145.00","145.25","147.10","261.00","113.00",3413518,"502,125,233.75",29711
"13-Apr-2020","EQ","142.00","149.00","136.55","142.45","149.00","146.00","142.33","261.00","113.00",2204560,"313,775,929.30",16097
"09-Apr-2020","EQ","140.00","146.25","140.00","138.10","142.45","142.45","142.90","261.00","113.00",2359528,"337,185,288.55",16405
"08-Apr-2020","EQ","136.85","147.15","134.90","138.15","137.50","138.10","141.01","261.00","113.00",3237290,"456,492,273.10",23696
"07-Apr-2020","EQ","131.00","141.50","131.00","129.05","137.00","138.15","136.09","261.00","113.00",2463525,"335,256,093.70",17669
"03-Apr-2020","EQ","134.00","134.60","128.00","133.95","129.05","129.05","129.68","261.00","113.00",1761947,"228,493,774.15",14137
"01-Apr-2020","EQ","138.95","138.95","131.80","137.60","133.30","133.95","134.86","261.00","113.00",1997608,"269,388,582.85",15540
"31-Mar-2020","EQ","131.70","138.45","129.45","128.70","136.00","137.60","134.29","261.00","113.00",2200227,"295,466,472.20",16220
"30-Mar-2020","EQ","124.00","129.80","121.00","128.00","128.50","128.70","127.22","261.00","113.00",2397602,"305,028,589.85",22668
"27-Mar-2020","EQ","146.00","151.00","126.25","140.25","129.00","128.00","137.72","261.00","113.00",4378366,"602,992,399.90",32564
"26-Mar-2020","EQ","135.00","152.00","132.05","132.30","140.00","140.25","142.42","261.00","113.00",7980255,"1,136,549,768.45",34716
"25-Mar-2020","EQ","126.00","134.90","125.00","130.35","134.00","132.30","129.70","261.00","113.00",2771318,"359,444,697.60",19080
"24-Mar-2020","EQ","125.00","132.95","116.40","120.90","131.80","130.35","125.63","261.00","113.00",5125923,"643,964,810.10",19507
"23-Mar-2020","EQ","123.05","135.00","118.20","137.70","120.15","120.90","126.54","261.00","113.00",1456143,"184,262,892.65",14699
"20-Mar-2020","EQ","138.00","141.60","128.70","128.90","138.75","137.70","135.52","261.00","113.00",4496401,"609,360,425.55",27480
"19-Mar-2020","EQ","121.00","132.95","118.20","130.20","130.00","128.90","125.84","261.00","113.00",5517080,"694,275,216.00",29278
"18-Mar-2020","EQ","135.90","137.00","127.10","133.40","132.50","130.20","131.38","261.00","113.00",4255688,"559,098,600.65",35656
"17-Mar-2020","EQ","135.70","142.55","130.50","134.70","134.50","133.40","135.07","261.00","113.00",6388062,"862,809,713.85",36452
"16-Mar-2020","EQ","141.00","142.30","128.65","148.75","135.80","134.70","137.39","261.00","113.00",6582849,"904,439,091.20",40424
"13-Mar-2020","EQ","145.95","161.35","129.75","162.15","150.30","148.75","150.25","261.00","113.00",7463676,"1,121,439,145.75",53874
"12-Mar-2020","EQ","180.10","183.90","160.45","195.75","161.25","162.15","171.55","261.00","113.00",4834390,"829,321,785.10",31733
"11-Mar-2020","EQ","197.40","205.00","192.25","199.70","192.55","195.75","199.33","261.00","113.00",3763191,"750,123,673.85",21387
"09-Mar-2020","EQ","207.00","208.50","197.25","214.75","198.85","199.70","203.37","261.00","113.00",2763989,"562,114,487.55",17488
"06-Mar-2020","EQ","215.10","216.75","207.50","221.75","212.00","214.75","212.60","261.00","113.00",4375226,"930,157,662.15",28384
"05-Mar-2020","EQ","223.75","226.85","219.35","221.10","221.00","221.75","223.25","261.00","113.00",3159080,"705,273,069.95",22545
"04-Mar-2020","EQ","226.10","227.00","213.55","225.75","222.70","221.10","219.77","261.00","113.00",5216787,"1,146,474,334.40",23482
"03-Mar-2020","EQ","221.00","228.65","219.25","218.60","224.95","225.75","223.70","261.00","113.00",2992170,"669,357,788.50",17147
"02-Mar-2020","EQ","223.00","226.70","216.15","218.65","218.00","218.60","222.15","261.00","113.00",3162614,"702,561,691.20",19406
"28-Feb-2020","EQ","221.00","226.80","217.00","234.15","217.50","218.65","221.29","261.00","113.00",3364181,"744,473,793.25",18914
"27-Feb-2020","EQ","241.45","241.45","232.05","242.80","232.50","234.15","236.73","261.00","113.00",3568055,"844,681,609.45",20571
"26-Feb-2020","EQ","244.00","246.30","241.00","246.45","241.40","242.80","244.05","261.00","113.00",2897390,"707,098,850.75",17903
"25-Feb-2020","EQ","249.80","251.75","242.40","247.25","246.25","246.45","247.20","261.00","113.00",3309962,"818,237,334.60",18849
"24-Feb-2020","EQ","254.80","255.85","244.10","258.65","244.95","247.25","250.29","261.00","113.00",3309214,"828,264,392.10",18619
"20-Feb-2020","EQ","253.20","261.00","252.65","254.00","257.70","258.65","257.39","261.00","113.00",3108173,"800,010,870.55",18560
"19-Feb-2020","EQ","250.00","255.50","249.90","249.45","252.85","254.00","253.23","258.60","113.00",2101729,"532,231,308.10",13713
"18-Feb-2020","EQ","251.65","251.65","245.25","252.50","248.90","249.45","248.30","258.60","113.00",2430446,"603,478,945.50",16739
"17-Feb-2020","EQ","256.90","257.40","251.65","256.15","252.60","252.50","254.82","258.60","113.00",2411524,"614,509,672.45",18128
"14-Feb-2020","EQ","252.50","258.60","251.55","251.45","255.95","256.15","256.00","258.60","113.00",4968325,"1,271,877,366.05",38927
"13-Feb-2020","EQ","249.80","252.75","248.25","249.70","251.00","251.45","250.81","252.75","113.00",2563148,"642,851,909.60",18466
"12-Feb-2020","EQ","245.90","251.40","245.00","245.30","248.75","249.70","249.30","251.40","113.00",4490312,"1,119,443,785.25",31166
"11-Feb-2020","EQ","245.20","248.60","243.65","244.50","244.50","245.30","246.34","248.60","113.00",3533751,"870,512,324.00",23934
"10-Feb-2020","EQ","239.50","245.15","237.55","239.50","243.70","244.50","242.40","245.15","113.00",5588211,"1,354,598,507.50",41378
"07-Feb-2020","EQ","236.40","242.15","235.25","236.50","238.45","239.50","239.54","243.60","113.00",5052443,"1,210,245,103.25",38871
"06-Feb-2020","EQ","237.40","243.60","234.10","236.25","234.70","236.50","239.00","243.60","113.00",8852675,"2,115,780,224.55",55491
"05-Feb-2020","EQ","226.75","239.30","222.55","225.45","236.90","236.25","231.26","239.30","113.00",8985919,"2,078,126,734.20",58565
"04-Feb-2020","EQ","222.65","227.15","222.05","220.90","224.60","225.45","225.19","238.35","113.00",2028088,"456,711,544.05",11967
"03-Feb-2020","EQ","221.70","224.65","215.60","222.80","221.40","220.90","220.83","238.35","113.00",2720614,"600,791,658.50",16315
"01-Feb-2020","EQ","228.00","233.65","220.80","229.45","221.65","222.80","227.05","238.35","113.00",3046388,"691,681,169.10",18026
"31-Jan-2020","EQ","231.00","234.55","227.15","231.50","228.55","229.45","231.44","238.35","113.00",2720308,"629,599,838.70",18857
"30-Jan-2020","EQ","232.30","232.75","228.20","232.30","229.60","231.50","230.56","238.35","113.00",2192123,"505,417,129.40",12795
"29-Jan-2020","EQ","231.70","238.35","231.00","229.90","231.75","232.30","234.67","238.35","113.00",3738186,"877,250,878.80",23294
"28-Jan-2020","EQ","232.25","234.50","229.10","230.55","229.30","229.90","231.75","236.45","113.00",2161711,"500,970,683.80",16321
"27-Jan-2020","EQ","229.50","236.45","226.05","229.75","230.70","230.55","233.17","236.45","113.00",5293975,"1,234,387,488.45",36646
"24-Jan-2020","EQ","225.50","232.40","219.00","229.60","229.00","229.75","226.83","232.40","113.00",7154795,"1,622,948,894.60",41155
"23-Jan-2020","EQ","226.00","231.20","225.75","225.90","228.70","229.60","229.03","232.25","113.00",2650092,"606,961,652.90",15737
"22-Jan-2020","EQ","224.80","228.00","221.15","224.25","225.40","225.90","225.51","232.25","113.00",2939366,"662,858,695.85",19573
"21-Jan-2020","EQ","224.35","227.00","220.50","226.55","223.65","224.25","224.05","232.25","113.00",2813526,"630,368,841.25",19279
"20-Jan-2020","EQ","229.55","232.25","224.15","228.40","225.95","226.55","227.45","232.25","113.00",4546367,"1,034,066,184.25",31281
"17-Jan-2020","EQ","216.00","229.25","213.70","220.00","227.75","228.40","222.44","229.25","113.00",10810744,"2,404,752,505.95",48991
"16-Jan-2020","EQ","217.70","222.50","217.00","216.60","219.50","220.00","220.12","222.50","113.00",4280379,"942,179,752.45",27655
"15-Jan-2020","EQ","214.50","218.00","212.50","214.35","218.00","216.60","215.40","221.50","113.00",1982079,"426,937,660.75",11161
"14-Jan-2020","EQ","213.45","215.50","211.85","213.60","213.05","214.35","213.78","221.50","113.00",1775182,"379,506,359.70",10469
"13-Jan-2020","EQ","210.65","216.25","209.60","209.10","212.60","213.60","213.60","221.50","113.00",3527267,"753,432,390.90",20596
"10-Jan-2020","EQ","208.00","213.00","205.90","208.00","210.50","209.10","208.64","221.50","113.00",2769132,"577,749,576.20",16595
"09-Jan-2020","EQ","201.90","208.90","201.90","201.50","208.00","208.00","205.90","221.50","113.00",3496063,"719,831,005.25",20369
"08-Jan-2020","EQ","201.00","203.55","194.55","204.05","200.50","201.50","199.39","221.50","113.00",5762654,"1,149,028,631.95",35823
"07-Jan-2020","EQ","200.55","205.70","200.55","199.55","202.95","204.05","203.44","221.50","113.00",2966120,"603,438,498.40",17757
"06-Jan-2020","EQ","207.75","207.75","197.75","208.30","199.35","199.55","200.83","221.50","113.00",4353179,"874,253,932.35",25330
"03-Jan-2020","EQ","210.25","212.35","205.80","211.20","208.35","208.30","208.83","221.50","113.00",2512421,"524,673,620.55",14792
"02-Jan-2020","EQ","208.00","213.20","207.50","207.85","210.90","211.20","210.76","221.50","113.00",2991937,"630,593,790.00",19649
"01-Jan-2020","EQ","209.00","210.45","206.65","208.35","207.55","207.85","208.21","221.50","113.00",1553127,"323,377,254.40",10641
"31-Dec-2019","EQ","208.70","210.75","207.65","208.65","207.70","208.35","208.95","221.50","113.00",1600059,"334,327,365.75",9191
"30-Dec-2019","EQ","209.90","211.60","208.00","209.10","208.35","208.65","209.53","221.50","113.00",1938731,"406,227,550.70",13068
"27-Dec-2019","EQ","209.05","211.20","207.10","208.95","210.00","209.10","209.33","221.50","113.00",2240503,"469,015,593.35",12271
"26-Dec-2019","EQ","208.95","211.10","205.60","209.15","210.45","208.95","208.15","221.50","113.00",3299177,"686,718,470.15",19516
"24-Dec-2019","EQ","214.55","216.95","207.60","214.55","208.85","209.15","212.21","221.50","113.00",2984621,"633,360,473.55",18225
"23-Dec-2019","EQ","217.75","220.80","212.40","218.80","214.50","214.55","216.54","221.50","113.00",3709426,"803,238,280.95",32301
"20-Dec-2019","EQ","210.00","220.80","209.50","210.55","217.60","218.80","217.04","221.50","113.00",6997898,"1,518,804,929.75",42167
"19-Dec-2019","EQ","207.65","211.00","206.75","208.15","210.50","210.55","209.58","221.50","113.00",2180662,"457,029,411.70",12855
"18-Dec-2019","EQ","211.80","212.45","205.60","211.20","207.80","208.15","208.15","221.50","113.00",2542320,"529,190,668.65",15181
"17-Dec-2019","EQ","210.50","213.20","210.00","210.50","211.15","211.20","211.29","221.50","113.00",1968218,"415,859,379.70",9914
"16-Dec-2019","EQ","212.10","213.25","209.40","212.20","209.70","210.50","211.11","221.50","113.00",2184582,"461,186,998.70",12092
"13-Dec-2019","EQ","210.50","213.25","208.50","210.40","211.85","212.20","211.42","221.50","113.00",2867800,"606,312,865.00",19513
"12-Dec-2019","EQ","206.90","212.35","206.60","206.15","209.35","210.40","209.43","221.50","113.00",2958155,"619,522,422.70",22984
"11-Dec-2019","EQ","203.10","207.80","202.65","204.20","205.60","206.15","205.36","221.50","113.00",2155584,"442,668,476.95",17013
"10-Dec-2019","EQ","207.45","208.20","203.30","207.45","203.35","204.20","205.43","221.50","113.00",2139886,"439,587,492.10",12408
"09-Dec-2019","EQ","205.90","209.70","202.40","206.50","207.35","207.45","206.88","221.50","113.00",2550809,"527,711,887.75",16388
"06-Dec-2019","EQ","208.45","210.05","205.05","208.40","205.05","206.50","207.34","221.50","113.00",1958477,"406,062,014.65",12979
"05-Dec-2019","EQ","213.00","213.70","207.35","212.45","207.65","208.40","209.56","221.50","113.00",2309030,"483,882,449.85",15157
"04-Dec-2019","EQ","205.80","213.50","205.30","207.85","212.50","212.45","210.11","221.50","113.00",2917279,"612,936,447.60",19342
"03-Dec-2019","EQ","208.00","209.95","203.55","209.00","206.70","207.85","206.76","221.50","113.00",2382612,"492,633,069.90",16193
"02-Dec-2019","EQ","212.00","213.70","206.05","214.90","208.35","209.00","209.63","221.50","113.00",3169460,"664,413,185.20",20785
"29-Nov-2019","EQ","212.40","221.50","211.70","213.10","213.60","214.90","217.45","221.50","113.00",7969827,"1,733,065,586.10",50943
"28-Nov-2019","EQ","212.80","216.20","210.50","213.55","211.95","213.10","213.89","217.70","113.00",4234343,"905,687,060.75",39098
"27-Nov-2019","EQ","209.90","215.20","208.50","210.60","212.00","213.55","212.69","217.70","113.00",4051404,"861,702,880.50",25843
"26-Nov-2019","EQ","214.75","217.70","207.15","215.20","210.00","210.60","211.75","217.70","113.00",5247790,"1,111,216,465.40",33673
"25-Nov-2019","EQ","201.90","216.25","201.60","203.45","215.50","215.20","211.20","216.25","113.00",6805228,"1,437,242,094.75",39031
"22-Nov-2019","EQ","204.75","206.30","200.10","205.50","202.00","203.45","203.24","212.25","113.00",2545651,"517,367,034.15",16109
"21-Nov-2019","EQ","206.90","209.00","201.95","205.70","204.45","205.50","206.17","212.25","113.00",4409698,"909,161,105.90",24824
"20-Nov-2019","EQ","198.50","207.45","198.10","199.70","204.40","205.70","203.66","212.25","113.00",3488019,"710,357,907.80",21164
"19-Nov-2019","EQ","202.00","202.60","196.25","201.15","198.45","199.70","199.77","212.25","113.00",2954848,"590,302,461.10",19218
"18-Nov-2019","EQ","203.80","205.60","200.10","203.60","200.15","201.15","203.22","212.25","113.00",2041767,"414,918,973.95",13388
"15-Nov-2019","EQ","202.00","205.00","200.80","202.30","203.10","203.60","203.43","212.25","113.00",3314555,"674,275,624.00",19200
"14-Nov-2019","EQ","196.25","203.15","194.05","198.20","201.60","202.30","200.54","212.25","113.00",4141184,"830,455,493.80",28224
"13-Nov-2019","EQ","209.00","210.75","194.30","210.85","197.50","198.20","199.61","212.25","113.00",9836594,"1,963,502,356.15",63382
"11-Nov-2019","EQ","206.95","212.25","206.05","208.05","210.80","210.85","209.85","212.25","113.00",2907157,"610,068,301.90",20360
"08-Nov-2019","EQ","208.70","212.00","206.20","209.15","207.25","208.05","209.64","212.00","113.00",4057743,"850,681,983.50",23951
"07-Nov-2019","EQ","207.90","210.40","205.50","207.55","209.25","209.15","208.35","210.40","113.00",3959490,"824,965,103.60",26887
"06-Nov-2019","EQ","199.00","209.70","198.60","200.55","207.20","207.55","205.94","209.70","113.00",6220311,"1,281,001,743.45",38205
"05-Nov-2019","EQ","200.00","201.50","197.70","200.90","200.00","200.55","199.69","203.90","113.00",2326138,"464,497,562.10",16451
"04-Nov-2019","EQ","200.95","203.90","198.25","200.45","199.50","200.90","201.05","203.90","113.00",3965499,"797,281,263.35",21529
"01-Nov-2019","EQ","199.00","202.40","196.20","199.65","199.85","200.45","199.40","202.40","113.00",3522957,"702,469,075.20",20646
"31-Oct-2019","EQ","196.70","201.30","196.00","195.75","197.45","199.65","198.79","201.30","113.00",6584768,"1,308,967,220.75",36959
"30-Oct-2019","EQ","194.35","197.45","192.30","195.55","194.90","195.75","195.00","197.45","113.00",4791525,"934,371,232.95",35683
"29-Oct-2019","EQ","182.80","197.00","182.35","183.40","192.95","195.55","191.58","197.00","113.00",9534790,"1,826,682,713.70",48833
"27-Oct-2019","EQ","182.90","184.25","182.00","181.30","182.80","183.40","183.15","184.25","113.00",1003414,"183,774,395.30",6284
"25-Oct-2019","EQ","179.50","183.70","177.20","179.00","180.65","181.30","181.10","183.70","113.00",7857185,"1,422,963,394.95",42181
"24-Oct-2019","EQ","175.00","180.00","174.30","176.45","179.50","179.00","177.27","180.80","113.00",4753708,"842,684,897.95",26028
"23-Oct-2019","EQ","178.75","178.75","172.40","178.65","175.80","176.45","175.63","180.80","113.00",4743985,"833,179,725.20",25735
"22-Oct-2019","EQ","174.50","180.00","173.40","175.10","178.40","178.65","177.84","180.80","113.00",7909839,"1,406,654,337.90",33677
"18-Oct-2019","EQ","174.90","175.80","165.10","162.55","174.20","175.10","171.54","180.80","113.00",14162661,"2,429,532,220.05",76434
"17-Oct-2019","EQ","159.80","165.00","157.65","160.15","163.00","162.55","161.14","180.80","113.00",6523046,"1,051,138,372.85",31817
"16-Oct-2019","EQ","155.00","160.90","155.00","155.00","159.85","160.15","158.27","180.80","113.00",9587304,"1,517,415,199.10",59372
"15-Oct-2019","EQ","147.70","155.85","146.60","147.10","154.90","155.00","152.42","180.80","113.00",11048872,"1,684,046,273.75",62824
"14-Oct-2019","EQ","137.90","152.40","137.00","136.95","146.95","147.10","146.09","180.80","113.00",10795909,"1,577,144,711.85",55796
"11-Oct-2019","EQ","137.45","138.80","134.60","137.40","136.40","136.95","136.60","180.80","113.00",2780875,"379,879,927.70",12898
"10-Oct-2019","EQ","138.00","139.10","135.30","139.00","136.75","137.40","137.04","180.80","113.00",2413888,"330,810,348.50",13319
"09-Oct-2019","EQ","134.95","139.65","134.10","135.80","138.40","139.00","136.82","180.80","113.00",2682715,"367,061,579.30",15509
"07-Oct-2019","EQ","138.45","140.00","135.25","140.00","135.50","135.80","137.22","180.80","113.00",2701943,"370,748,869.45",12557
"04-Oct-2019","EQ","143.95","144.50","137.55","143.55","137.90","140.00","142.00","180.80","113.00",2382805,"338,348,536.35",11951
"03-Oct-2019","EQ","143.00","145.00","141.40","143.65","142.85","143.55","143.20","180.80","113.00",2070232,"296,454,352.75",11122
"01-Oct-2019","EQ","146.10","147.70","140.50","145.85","143.45","143.65","144.37","180.80","113.00",3732047,"538,810,712.85",16300
"30-Sep-2019","EQ","149.10","149.75","143.75","149.45","145.50","145.85","145.91","180.80","113.00",3528313,"514,811,290.00",17924
"27-Sep-2019","EQ","152.70","152.70","147.20","152.70","148.90","149.45","149.61","180.80","113.00",4016921,"600,973,830.40",20727
"26-Sep-2019","EQ","148.45","155.40","146.65","147.55","151.90","152.70","152.20","180.80","113.00",7013490,"1,067,472,084.10",34442
"25-Sep-2019","EQ","149.70","151.00","145.50","148.05","147.10","147.55","148.45","180.80","113.00",4572108,"678,709,978.80",27829
"24-Sep-2019","EQ","151.25","153.00","145.40","152.40","147.20","148.05","148.99","180.80","113.00",4576924,"681,934,178.90",24217
"23-Sep-2019","EQ","154.00","154.00","147.55","149.10","149.50","152.40","150.91","180.80","113.00",4136992,"624,319,958.30",19040
"20-Sep-2019","EQ","143.00","152.10","141.30","142.55","148.00","149.10","148.12","180.80","113.00",7545363,"1,117,587,702.55",33241
"19-Sep-2019","EQ","143.95","144.90","140.50","144.15","142.00","142.55","142.45","180.80","113.00",2662885,"379,336,598.90",11865
"18-Sep-2019","EQ","144.00","146.00","142.10","143.75","145.00","144.15","144.15","180.80","113.00",3465608,"499,550,406.85",18688
"17-Sep-2019","EQ","145.50","147.90","142.40","145.95","143.45","143.75","145.18","180.80","113.00",4167662,"605,060,423.00",20490
"16-Sep-2019","EQ","144.00","147.20","143.15","145.75","145.45","145.95","145.57","180.80","113.00",3713796,"540,625,710.75",21969
"13-Sep-2019","EQ","143.00","146.90","140.55","143.05","145.30","145.75","143.92","180.80","113.00",3561056,"512,489,586.30",18665
"12-Sep-2019","EQ","144.85","146.30","142.05","143.95","142.45","143.05","143.75","180.80","113.00",3500479,"503,194,921.45",18234
"11-Sep-2019","EQ","140.05","144.90","140.05","140.90","143.50","143.95","142.96","180.80","113.00",4245005,"606,870,046.70",18344
"09-Sep-2019","EQ","137.80","141.75","136.35","137.75","140.05","140.90","139.76","180.80","113.00",4349296,"607,855,209.95",18303
"06-Sep-2019","EQ","135.40","138.45","135.05","135.75","137.65","137.75","136.80","227.40","113.00",3744649,"512,276,334.70",16142
"05-Sep-2019","EQ","135.00","138.65","133.35","134.95","135.35","135.75","135.80","227.40","113.00",6840367,"928,945,875.25",33247
"04-Sep-2019","EQ","134.60","135.50","130.60","135.25","134.25","134.95","133.27","227.40","113.00",4313711,"574,908,306.60",23172
"03-Sep-2019","EQ","135.60","136.90","133.00","137.35","133.25","135.25","135.55","227.40","113.00",3477541,"471,385,820.35",15715
"30-Aug-2019","EQ","132.40","138.30","132.15","132.35","137.25","137.35","136.02","236.65","113.00",7806183,"1,061,788,119.35",39392
"29-Aug-2019","EQ","138.00","138.00","130.35","135.95","132.00","132.35","133.54","236.65","113.00",6108447,"815,729,194.15",28610
"28-Aug-2019","EQ","136.20","137.10","132.15","137.15","135.75","135.95","134.84","236.65","113.00",5312871,"716,387,912.20",18411
"27-Aug-2019","EQ","134.75","138.20","133.90","135.20","136.75","137.15","136.24","236.65","113.00",4495705,"612,509,076.75",23115
"26-Aug-2019","EQ","132.10","135.95","128.30","131.30","134.75","135.20","133.17","236.65","113.00",5507570,"733,448,998.20",26352
"23-Aug-2019","EQ","123.40","132.20","122.90","126.90","130.90","131.30","128.91","236.65","113.00",4374006,"563,842,826.25",21883
"22-Aug-2019","EQ","130.95","131.30","126.10","131.90","126.50","126.90","128.76","236.65","113.00",3358838,"432,494,621.80",18298
"21-Aug-2019","EQ","134.00","135.30","130.25","135.65","130.85","131.90","132.92","236.65","113.00",3426518,"455,438,799.95",17219
"20-Aug-2019","EQ","135.70","136.80","132.05","135.50","134.35","135.65","134.61","236.65","113.00",4515865,"607,874,944.15",23500
"19-Aug-2019","EQ","132.80","136.95","132.30","132.85","135.00","135.50","134.44","236.65","113.00",4261741,"572,938,151.55",20548
"16-Aug-2019","EQ","130.00","133.95","128.15","130.65","133.70","132.85","131.50","236.65","113.00",4087073,"537,435,782.80",20617
"14-Aug-2019","EQ","130.90","132.45","127.35","130.30","130.80","130.65","130.47","236.65","113.00",4761139,"621,188,539.55",23786
"13-Aug-2019","EQ","133.00","133.90","128.60","132.40","129.65","130.30","131.44","236.65","113.00",4226112,"555,476,397.00",20073
"09-Aug-2019","EQ","134.70","135.90","130.10","130.90","132.10","132.40","132.67","236.65","113.00",8589075,"1,139,505,665.95",40101
"08-Aug-2019","EQ","126.20","134.00","124.05","125.60","132.50","130.90","128.54","236.65","113.00",7070036,"908,817,773.30",39009
"07-Aug-2019","EQ","128.20","130.15","124.60","128.20","125.80","125.60","127.20","236.65","113.00",3911797,"497,562,759.10",22678